<?xml version="1.0" encoding="UTF-8"?>
<simplicite xmlns:xsi="http://www.w3.org/2001/XMLSchema-instance" xmlns="http://www.simplicite.fr/base" xsi:schemaLocation="http://www.simplicite.fr/base https://www.simplicite.io/resources/schemas/base.xsd">
<object>
	<name>GtsObject</name>
	<action>upsert</action>
	<data>
		<gtsGtoCode>TST001</gtsGtoCode>
		<gtsGtoLabel>Test 1</gtsGtoLabel>
	</data>
	<data>
		<gtsGtoCode>TST002</gtsGtoCode>
		<gtsGtoLabel>Test 2</gtsGtoLabel>
	</data>
	<data>
		<gtsGtoCode>TST003</gtsGtoCode>
		<gtsGtoLabel>Test 3</gtsGtoLabel>
	</data>
</object>
</simplicite>
